{
  "Fixed-Time": {
    "Low": {
      "throughput": 181.4,
      "throughput_per_hour": 544.2,
      "ped_served": 25.8,
      "ped_unsafe": 0.0,
      "forced_ped_phases": 5.2,
      "avg_vehicle_wait_s": 106.6897215150788,
      "avg_ped_wait_s": 25.985675381263615,
      "cumulative_reward": 24048.820968925706,
      "pct_ns_green": 40.0,
      "pct_ew_green": 40.0,
      "pct_ped_crossing": 20.0,
      "throughput_std": 11.706408501329518,
      "throughput_per_hour_std": 35.11922550398855,
      "ped_served_std": 4.664761515876241,
      "ped_unsafe_std": 0.0,
      "forced_ped_phases_std": 1.9390719429665317,
      "avg_vehicle_wait_s_std": 9.538721669577587,
      "avg_ped_wait_s_std": 4.715105572619011,
      "cumulative_reward_std": 26.493690415040845
    },
    "Medium": {
      "throughput": 306.6,
      "throughput_per_hour": 919.8,
      "ped_served": 44.0,
      "ped_unsafe": 0.0,
      "forced_ped_phases": 8.0,
      "avg_vehicle_wait_s": 106.92280833340767,
      "avg_ped_wait_s": 25.823126614987082,
      "cumulative_reward": 24037.253046538972,
      "pct_ns_green": 40.0,
      "pct_ew_green": 40.0,
      "pct_ped_crossing": 20.0,
      "throughput_std": 20.362711017936682,
      "throughput_per_hour_std": 61.088133053810054,
      "ped_served_std": 7.321202087089251,
      "ped_unsafe_std": 0.0,
      "forced_ped_phases_std": 2.0,
      "avg_vehicle_wait_s_std": 8.227457075097758,
      "avg_ped_wait_s_std": 3.524576418609734,
      "cumulative_reward_std": 82.49856376415507
    },
    "High": {
      "throughput": 430.8,
      "throughput_per_hour": 1292.4,
      "ped_served": 69.8,
      "ped_unsafe": 0.0,
      "forced_ped_phases": 12.2,
      "avg_vehicle_wait_s": 110.87717449320662,
      "avg_ped_wait_s": 23.72650906373256,
      "cumulative_reward": 23726.794933895064,
      "pct_ns_green": 40.0,
      "pct_ew_green": 40.0,
      "pct_ped_crossing": 20.0,
      "throughput_std": 17.565876010037186,
      "throughput_per_hour_std": 52.69762803011157,
      "ped_served_std": 4.354308211415448,
      "ped_unsafe_std": 0.0,
      "forced_ped_phases_std": 1.8330302779823362,
      "avg_vehicle_wait_s_std": 6.137313635809318,
      "avg_ped_wait_s_std": 1.5228166460455954,
      "cumulative_reward_std": 165.35869975035362
    }
  },
  "Actuated": {
    "Low": {
      "throughput": 177.0,
      "throughput_per_hour": 531.0,
      "ped_served": 26.4,
      "ped_unsafe": 0.0,
      "forced_ped_phases": 0.0,
      "avg_vehicle_wait_s": 107.16580697874716,
      "avg_ped_wait_s": 27.416666666666668,
      "cumulative_reward": 24065.00069568192,
      "pct_ns_green": 43.166666666666664,
      "pct_ew_green": 40.833333333333336,
      "pct_ped_crossing": 16.0,
      "throughput_std": 11.679041056525147,
      "throughput_per_hour_std": 35.03712316957544,
      "ped_served_std": 4.31740662898458,
      "ped_unsafe_std": 0.0,
      "forced_ped_phases_std": 0.0,
      "avg_vehicle_wait_s_std": 8.089955377753743,
      "avg_ped_wait_s_std": 2.4289915602982237,
      "cumulative_reward_std": 29.559660702990136
    },
    "Medium": {
      "throughput": 312.2,
      "throughput_per_hour": 936.6,
      "ped_served": 44.2,
      "ped_unsafe": 0.0,
      "forced_ped_phases": 0.0,
      "avg_vehicle_wait_s": 105.9284694675292,
      "avg_ped_wait_s": 23.034146961606915,
      "cumulative_reward": 24054.98861019092,
      "pct_ns_green": 40.166666666666664,
      "pct_ew_green": 38.83333333333333,
      "pct_ped_crossing": 21.0,
      "throughput_std": 17.904189453868053,
      "throughput_per_hour_std": 53.712568361604156,
      "ped_served_std": 4.019950248448356,
      "ped_unsafe_std": 0.0,
      "forced_ped_phases_std": 0.0,
      "avg_vehicle_wait_s_std": 10.504799793667997,
      "avg_ped_wait_s_std": 1.9857111242104408,
      "cumulative_reward_std": 46.52481157361046
    },
    "High": {
      "throughput": 446.6,
      "throughput_per_hour": 1339.8,
      "ped_served": 75.0,
      "ped_unsafe": 0.0,
      "forced_ped_phases": 0.0,
      "avg_vehicle_wait_s": 112.86457583905012,
      "avg_ped_wait_s": 19.08368226387362,
      "cumulative_reward": 23820.538758454255,
      "pct_ns_green": 39.666666666666664,
      "pct_ew_green": 35.833333333333336,
      "pct_ped_crossing": 24.5,
      "throughput_std": 5.043808085167397,
      "throughput_per_hour_std": 15.13142425550219,
      "ped_served_std": 5.692099788303083,
      "ped_unsafe_std": 0.0,
      "forced_ped_phases_std": 0.0,
      "avg_vehicle_wait_s_std": 5.180945271250849,
      "avg_ped_wait_s_std": 1.771672484793323,
      "cumulative_reward_std": 67.79687875380175
    }
  },
  "DRL (no ped)": {
    "Low": {
      "throughput": 103.6,
      "throughput_per_hour": 310.8,
      "ped_served": 24.2,
      "ped_unsafe": 0.0,
      "forced_ped_phases": 11.6,
      "avg_vehicle_wait_s": 115.17795662154317,
      "avg_ped_wait_s": 34.05363979001212,
      "cumulative_reward": 23229.165257804823,
      "pct_ns_green": 100.0,
      "pct_ew_green": 0.0,
      "pct_ped_crossing": 0.0,
      "throughput_std": 7.418894796396564,
      "throughput_per_hour_std": 22.25668438918969,
      "ped_served_std": 5.344155686354955,
      "ped_unsafe_std": 0.0,
      "forced_ped_phases_std": 1.7435595774162693,
      "avg_vehicle_wait_s_std": 1.0001548284169137,
      "avg_ped_wait_s_std": 2.401087262125275,
      "cumulative_reward_std": 34.4303303628334
    },
    "Medium": {
      "throughput": 167.8,
      "throughput_per_hour": 503.4,
      "ped_served": 41.2,
      "ped_unsafe": 0.0,
      "forced_ped_phases": 14.2,
      "avg_vehicle_wait_s": 114.04365421116616,
      "avg_ped_wait_s": 32.064922480620154,
      "cumulative_reward": 23153.263504744576,
      "pct_ns_green": 100.0,
      "pct_ew_green": 0.0,
      "pct_ped_crossing": 0.0,
      "throughput_std": 12.952219886953742,
      "throughput_per_hour_std": 38.856659660861226,
      "ped_served_std": 2.4000000000000004,
      "ped_unsafe_std": 0.0,
      "forced_ped_phases_std": 0.7483314773547883,
      "avg_vehicle_wait_s_std": 2.2350402724157545,
      "avg_ped_wait_s_std": 1.442479620692092,
      "cumulative_reward_std": 32.081954494704526
    },
    "High": {
      "throughput": 276.4,
      "throughput_per_hour": 829.2,
      "ped_served": 60.6,
      "ped_unsafe": 0.0,
      "forced_ped_phases": 15.6,
      "avg_vehicle_wait_s": 113.21704862960902,
      "avg_ped_wait_s": 28.75328521111449,
      "cumulative_reward": 23199.733553560553,
      "pct_ns_green": 100.0,
      "pct_ew_green": 0.0,
      "pct_ped_crossing": 0.0,
      "throughput_std": 11.706408501329518,
      "throughput_per_hour_std": 35.11922550398855,
      "ped_served_std": 2.5768197453450252,
      "ped_unsafe_std": 0.0,
      "forced_ped_phases_std": 0.48989794855663565,
      "avg_vehicle_wait_s_std": 3.252775598898805,
      "avg_ped_wait_s_std": 0.8020874899705002,
      "cumulative_reward_std": 15.275230316503226
    }
  },
  "DRL-PA (Ours)": {
    "Low": {
      "throughput": 103.6,
      "throughput_per_hour": 310.8,
      "ped_served": 24.2,
      "ped_unsafe": 0.0,
      "forced_ped_phases": 11.6,
      "avg_vehicle_wait_s": 115.17795662154317,
      "avg_ped_wait_s": 34.05363979001212,
      "cumulative_reward": 23229.165257804823,
      "pct_ns_green": 100.0,
      "pct_ew_green": 0.0,
      "pct_ped_crossing": 0.0,
      "throughput_std": 7.418894796396564,
      "throughput_per_hour_std": 22.25668438918969,
      "ped_served_std": 5.344155686354955,
      "ped_unsafe_std": 0.0,
      "forced_ped_phases_std": 1.7435595774162693,
      "avg_vehicle_wait_s_std": 1.0001548284169137,
      "avg_ped_wait_s_std": 2.401087262125275,
      "cumulative_reward_std": 34.4303303628334
    },
    "Medium": {
      "throughput": 167.8,
      "throughput_per_hour": 503.4,
      "ped_served": 41.2,
      "ped_unsafe": 0.0,
      "forced_ped_phases": 14.2,
      "avg_vehicle_wait_s": 114.04365421116616,
      "avg_ped_wait_s": 32.064922480620154,