{
  "Fixed-Time": {
    "Low": {
      "throughput": 507.6666666666667,
      "throughput_per_hour": 507.6666666666667,
      "ped_served": 78.4,
      "ped_unsafe": 0.0,
      "forced_ped_phases": 15.533333333333333,
      "avg_vehicle_wait_s": 99.54602618295931,
      "avg_ped_wait_s": 25.770315328487587,
      "cumulative_reward": 207.59892240553327,
      "pct_ns_green": 40.0,
      "pct_ew_green": 40.0,
      "pct_ped_crossing": 20.0,
      "throughput_std": 17.04764565041819,
      "throughput_per_hour_std": 17.04764565041819,
      "ped_served_std": 6.042074698865172,
      "ped_unsafe_std": 0.0,
      "forced_ped_phases_std": 3.343982987729187,
      "avg_vehicle_wait_s_std": 13.24951844339958,
      "avg_ped_wait_s_std": 2.229217059852469,
      "cumulative_reward_std": 55.3467028107933
    },
    "Medium": {
      "throughput": 899.6666666666666,
      "throughput_per_hour": 899.6666666666666,
      "ped_served": 139.86666666666667,
      "ped_unsafe": 0.0,
      "forced_ped_phases": 27.533333333333335,
      "avg_vehicle_wait_s": 97.92769071334706,
      "avg_ped_wait_s": 25.815477289086573,
      "cumulative_reward": 273.7750807047236,
      "pct_ns_green": 40.0,
      "pct_ew_green": 40.0,
      "pct_ped_crossing": 20.0,
      "throughput_std": 22.732258039085245,
      "throughput_per_hour_std": 22.732258039085245,
      "ped_served_std": 7.830424992013877,
      "ped_unsafe_std": 0.0,
      "forced_ped_phases_std": 3.0302181806302695,
      "avg_vehicle_wait_s_std": 14.505610890611255,
      "avg_ped_wait_s_std": 1.2731501782576113,
      "cumulative_reward_std": 122.14785055077388
    },
    "High": {
      "throughput": 1280.4666666666667,
      "throughput_per_hour": 1280.4666666666667,
      "ped_served": 208.4,
      "ped_unsafe": 0.0,
      "forced_ped_phases": 38.13333333333333,
      "avg_vehicle_wait_s": 107.10115787422352,
      "avg_ped_wait_s": 24.88412426677423,
      "cumulative_reward": -1162.2639392814308,
      "pct_ns_green": 40.0,
      "pct_ew_green": 40.0,
      "pct_ped_crossing": 20.0,
      "throughput_std": 29.917367679809143,
      "throughput_per_hour_std": 29.917367679809143,
      "ped_served_std": 9.762513337592255,
      "ped_unsafe_std": 0.0,
      "forced_ped_phases_std": 2.8015868519267593,
      "avg_vehicle_wait_s_std": 11.828879097509443,
      "avg_ped_wait_s_std": 0.7988327367924966,
      "cumulative_reward_std": 267.36281750428543
    }
  },
  "Actuated": {
    "Low": {
      "throughput": 513.0,
      "throughput_per_hour": 513.0,
      "ped_served": 78.4,
      "ped_unsafe": 0.0,
      "forced_ped_phases": 0.0,
      "avg_vehicle_wait_s": 98.39300456532543,
      "avg_ped_wait_s": 26.512830148666726,
      "cumulative_reward": 216.9439404329826,
      "pct_ns_green": 42.583333333333336,
      "pct_ew_green": 41.13888888888889,
      "pct_ped_crossing": 16.27777777777778,
      "throughput_std": 25.155516293648198,
      "throughput_per_hour_std": 25.155516293648198,
      "ped_served_std": 9.112628599915615,
      "ped_unsafe_std": 0.0,
      "forced_ped_phases_std": 0.0,
      "avg_vehicle_wait_s_std": 13.710428743716934,
      "avg_ped_wait_s_std": 0.8644131736334151,
      "cumulative_reward_std": 59.92479010644921
    },
    "Medium": {
      "throughput": 899.3333333333334,
      "throughput_per_hour": 899.3333333333334,
      "ped_served": 145.13333333333333,
      "ped_unsafe": 0.0,
      "forced_ped_phases": 0.0,
      "avg_vehicle_wait_s": 98.73703468980786,
      "avg_ped_wait_s": 23.032103189354313,
      "cumulative_reward": 315.43150580900874,
      "pct_ns_green": 40.4537037037037,
      "pct_ew_green": 37.96296296296296,
      "pct_ped_crossing": 21.583333333333332,
      "throughput_std": 27.951545375683413,
      "throughput_per_hour_std": 27.951545375683413,
      "ped_served_std": 13.841322993927358,
      "ped_unsafe_std": 0.0,
      "forced_ped_phases_std": 0.0,
      "avg_vehicle_wait_s_std": 13.271348232353748,
      "avg_ped_wait_s_std": 1.3068506388936119,
      "cumulative_reward_std": 120.99940036686291
    },
    "High": {
      "throughput": 1312.4,
      "throughput_per_hour": 1312.4,
      "ped_served": 222.2,
      "ped_unsafe": 0.0,
      "forced_ped_phases": 0.0,
      "avg_vehicle_wait_s": 115.3806007468754,
      "avg_ped_wait_s": 20.313302639904514,
      "cumulative_reward": -1264.331565145043,
      "pct_ns_green": 39.02777777777778,
      "pct_ew_green": 36.388888888888886,
      "pct_ped_crossing": 24.583333333333332,
      "throughput_std": 19.61224107541002,
      "throughput_per_hour_std": 19.61224107541002,
      "ped_served_std": 10.419213022104884,
      "ped_unsafe_std": 0.0,
      "forced_ped_phases_std": 0.0,
      "avg_vehicle_wait_s_std": 2.347669775134782,
      "avg_ped_wait_s_std": 0.4944188106298515,
      "cumulative_reward_std": 464.2446643389613
    }
  },
  "DRL (no ped)": {
    "Low": {
      "throughput": 294.73333333333335,
      "throughput_per_hour": 294.73333333333335,
      "ped_served": 72.86666666666666,
      "ped_unsafe": 0.0,
      "forced_ped_phases": 33.93333333333333,
      "avg_vehicle_wait_s": 117.0014630925533,
      "avg_ped_wait_s": 33.90559121749082,
      "cumulative_reward": -2944.338000811379,
      "pct_ns_green": 100.0,
      "pct_ew_green": 0.0,
      "pct_ped_crossing": 0.0,
      "throughput_std": 10.266233757106622,
      "throughput_per_hour_std": 10.266233757106622,
      "ped_served_std": 6.499914529352589,
      "ped_unsafe_std": 0.0,
      "forced_ped_phases_std": 2.462158041682585,
      "avg_vehicle_wait_s_std": 1.7688777502396724,
      "avg_ped_wait_s_std": 1.2020853455683473,
      "cumulative_reward_std": 52.86657345353512
    },
    "Medium": {
      "throughput": 502.8666666666667,
      "throughput_per_hour": 502.8666666666667,
      "ped_served": 135.66666666666666,
      "ped_unsafe": 0.0,
      "forced_ped_phases": 44.0,
      "avg_vehicle_wait_s": 115.30224054681025,
      "avg_ped_wait_s": 29.645011929467806,
      "cumulative_reward": -2786.3167741014854,
      "pct_ns_green": 100.0,
      "pct_ew_green": 0.0,
      "pct_ped_crossing": 0.0,
      "throughput_std": 19.643036651416423,
      "throughput_per_hour_std": 19.643036651416423,
      "ped_served_std": 8.315981935740094,
      "ped_unsafe_std": 0.0,
      "forced_ped_phases_std": 1.4142135623730951,
      "avg_vehicle_wait_s_std": 3.532308063694063,
      "avg_ped_wait_s_std": 1.3272496627131019,
      "cumulative_reward_std": 61.98359005862442
    },
    "High": {
      "throughput": 789.7333333333333,
      "throughput_per_hour": 789.7333333333333,
      "ped_served": 193.13333333333333,
      "ped_unsafe": 0.0,
      "forced_ped_phases": 48.333333333333336,
      "avg_vehicle_wait_s": 113.22238941051904,
      "avg_ped_wait_s": 28.475642598327795,
      "cumulative_reward": -2566.705311188999,
      "pct_ns_green": 100.0,
      "pct_ew_green": 0.0,
      "pct_ped_crossing": 0.0,
      "throughput_std": 30.374258107080667,
      "throughput_per_hour_std": 30.374258107080667,
      "ped_served_std": 8.523431755395762,
      "ped_unsafe_std": 0.0,
      "forced_ped_phases_std": 1.0110500592068732,
      "avg_vehicle_wait_s_std": 5.806116339352667,
      "avg_ped_wait_s_std": 0.6944764362335475,
      "cumulative_reward_std": 46.593819033764426
    }
  },
  "DRL-PA (Ours)": {
    "Low": {
      "throughput": 294.73333333333335,
      "throughput_per_hour": 294.73333333333335,
      "ped_served": 72.86666666666666,
      "ped_unsafe": 0.0,
      "forced_ped_phases": 33.93333333333333,
      "avg_vehicle_wait_s": 117.0014630925533,
      "avg_ped_wait_s": 33.90559121749082,
      "cumulative_reward": -2944.338000811379,
      "pct_ns_green": 100.0,
      "pct_ew_green": 0.0,
      "pct_ped_crossing": 0.0,
      "throughput_std": 10.266233757106622,
      "throughput_per_hour_std": 10.266233757106622,
      "ped_served_std": 6.499914529352589,
      "ped_unsafe_std": 0.0,
      "forced_ped_phases_std": 2.462158041682585,